full_name,da_p,e_p,sini_p,MeanLib,LibRange,albedo,W1Alb,W2Alb,g_mag-mean,(b - v),(u - g),(g - r),(r - i),(i - z),(Y - J),(J - Ks),(H - Ks),L,GreaterClan,Clan,SubClan,tax_c,Tax_ref
 42367 (2002 CQ134),0.1088,0.0603,0.485,5.506332466925301,53.1192472127899,0.068,0.143,0.143,?,0.859999999999999,1.53,0.640000000000001,0.239999999999998,0.140000000000001,?,?,?,4,GreaterAjax,Ajax,2002cq134Sub,,
 55578 (2002 GK105),0.106,0.0624,0.3385,4.62322414390538,46.4117894452907,0.11,0.22,0.22,?,?,?,?,?,?,?,?,?,4,GreaterAjax,Ajax,2002cq134Sub,,
207749 (2007 RC286),0.0963,0.0664,0.4316,4.22997582328239,45.25787756173101,0.07,?,?,?,?,?,?,?,?,0.469093,0.711586,?,4,GreaterAjax,Ajax,2002cq134Sub,,
316158 (2009 UW26),0.0887,0.0599,0.4778,3.15136882980271,42.7310867611034,0.071,?,?,?,?,?,?,?,?,0.494448666666,0.6081425,?,4,GreaterAjax,Ajax,2002cq134Sub,,
