full_name,da_p,e_p,sini_p,MeanLib,LibRange,albedo,W1Alb,W2Alb,g_mag-mean,(b - v),(u - g),(g - r),(r - i),(i - z),(Y - J),(J - Ks),(H - Ks),L,GreaterClan,Clan,SubClan,tax_c,Tax_ref
   588 Achilles (1906 TG),0.0314,0.1036,0.1969,1.73969180020553,17.5736147726714,0.043,0.129,0.066,16.3754912945836,?,?,?,?,?,0.3955895,0.641102,?,4,GreaterAchilles,Achilles,-,,
  3794 Sthenelos (1985 TF3),0.02,0.125,0.1177,2.15580375282714,12.5825424384838,0.112,0.132,0.132,18.8342105037388,?,?,?,?,?,?,?,?,4,GreaterAchilles,Achilles,-,,
  5259 Epeigeus (1989 BB1),0.0302,0.1197,0.2578,1.46117578477745,16.503934818127803,0.073,0.127,0.127,17.9468973757597,0.829999999999998,1.44,0.620000000000001,0.300000000000001,0.140000000000001,?,?,?,4,GreaterAchilles,Achilles,-,D,Hasselmann2012
 23075 (1999 XV83),0.0334,0.1269,0.2245,1.8471640489058403,13.2715466116911,0.074,0.146,0.199,?,0.819999999999997,1.38,0.609999999999999,0.300000000000001,0.130000000000003,?,?,?,4,GreaterAchilles,Achilles,-,,
 33822 (2000 AA231),0.0266,0.1433,0.2782,1.9945480710356496,13.2062546680828,?,?,?,?,0.835000000000001,1.38,0.614999999999998,0.220000000000001,0.209999999999999,?,?,?,4,GreaterAchilles,Achilles,-,,
 38619 (2000 AW183),0.0295,0.1136,0.22899999999999998,1.82913526987816,15.986535882750301,0.088,0.175,0.175,?,0.863333333333333,1.44333333333333,0.646666666666667,0.226666666666668,0.103333333333333,?,?,?,4,GreaterAchilles,Achilles,-,,
 55571 (2002 CP82),0.0265,0.12,0.1941,1.93169680683636,15.252506667084901,0.157,0.314,0.314,?,0.765000000000001,1.435,0.550000000000001,0.194999999999999,0.07,?,?,?,4,GreaterAchilles,Achilles,-,,
116954 (2004 HS1),0.0363,0.1155,0.156,2.12999111382642,17.2103144996911,0.05,?,?,?,0.77,1.35,0.550000000000001,0.209999999999997,0.190000000000001,?,?,?,4,GreaterAchilles,Achilles,-,,
160534 (1996 TA58),0.0475,0.1236,0.2011,2.32911161587209,19.4397177506738,0.048,?,?,?,0.774999999999999,1.455,0.57,0.294999999999998,0.195000000000002,?,?,?,4,GreaterAchilles,Achilles,-,,
