full_name,da_p,e_p,sini_p,MeanLib,LibRange,albedo,W1Alb,W2Alb,g_mag-mean,(b - v),(u - g),(g - r),(r - i),(i - z),(Y - J),(J - Ks),(H - Ks),L,GreaterClan,Clan,SubClan,tax_c,Tax_ref
  5258 (1989 AU1),0.0813,0.0589,0.1224,3.40362784214686,33.0798497951565,0.052,0.111,0.111,17.7380065205669,?,?,?,?,?,?,?,?,4,GreaterAjax,Eurybates,AniusSub,DX,Bendjoya2004
  8060 Anius (1973 SD1),0.0841,0.0605,0.1273,4.46951325794828,38.7208713839733,0.059,0.087,0.087,?,?,?,?,?,?,?,?,?,4,GreaterAjax,Eurybates,AniusSub,,
 12917 (1998 TG16),0.0851,0.0506,0.21100000000000002,3.5543771677087794,36.0865220155316,0.089,0.249,0.249,?,?,?,?,?,?,?,?,?,4,GreaterAjax,Eurybates,AniusSub,D,Fornasier2007
 18060 (1999 XJ156),0.0844,0.0447,0.1291,4.14534968818957,37.4731510808488,0.053,0.106,0.106,?,0.699999999999999,1.69,0.48,0.210000000000001,0.059999999999999,?,?,?,4,GreaterAjax,Eurybates,AniusSub,X,Fornasier2007
111932 (2002 GG33),0.0739,0.0539,0.1617,3.32795249268698,34.0259050595712,?,?,?,?,0.885,1.46,0.665000000000001,0.234999999999998,0.15,?,?,?,4,GreaterAjax,Eurybates,AniusSub,,
