full_name,da_p,e_p,sini_p,MeanLib,LibRange,albedo,W1Alb,W2Alb,g_mag-mean,(b - v),(u - g),(g - r),(r - i),(i - z),(Y - J),(J - Ks),(H - Ks),L,GreaterClan,Clan,SubClan,tax_c,Tax_ref
 10247 Amphiaraos (6629 P-L),0.154,0.0426,0.0659,15.1409603963798,72.2198501048016,0.098,0.195,0.195,?,0.719999999999999,1.44,0.52,0.23,0.079999999999998,?,?,?,4,GreaterDiomedes,Lycomedes,AmphiaraosSub,,
 13230 (1997 VG1),0.1476,0.0419,0.0619,14.361452398926101,70.4748005336148,0.102,0.204,0.204,?,?,?,?,?,?,?,?,?,4,GreaterDiomedes,Lycomedes,AmphiaraosSub,,
 17874 (1998 YM3),0.1585,0.0371,0.0367,16.39925894125,75.5858482846324,0.134,0.267,0.267,?,?,?,?,?,?,?,?,?,4,GreaterDiomedes,Lycomedes,AmphiaraosSub,,
 22049 (1999 XW257),0.1589,0.0435,0.0546,14.518005414477901,71.40529933796121,0.111,?,?,?,0.73,1.41,0.515000000000001,0.205,0.074999999999999,?,?,?,4,GreaterDiomedes,Lycomedes,AmphiaraosSub,,
 23126 (2000 AK95),0.1502,0.0379,0.0338,14.1237779998096,70.029354745981,0.074,0.148,0.148,?,?,?,?,?,?,?,?,?,4,GreaterDiomedes,Lycomedes,AmphiaraosSub,,
103508 (2000 BV1),0.1418,0.0368,0.0521,11.5453468209002,63.6296514520546,?,?,?,?,0.734999999999999,1.735,0.525,0.199999999999999,0.035,?,?,?,4,GreaterDiomedes,Lycomedes,AmphiaraosSub,,
103989 (2000 DC94),0.1583,0.0445,0.0394,15.3743934612028,72.92558496417291,0.058,?,?,?,0.890000000000001,1.33,0.669999999999998,0.260000000000002,0.079999999999998,?,?,?,4,GreaterDiomedes,Lycomedes,AmphiaraosSub,,
111785 (2002 CQ186),0.1468,0.0342,0.0708,12.942177645467801,67.4472739925186,?,?,?,?,0.809999999999999,1.43,0.600000000000001,0.140000000000001,0.18,?,?,?,4,GreaterDiomedes,Lycomedes,AmphiaraosSub,,
