full_name,da_p,e_p,sini_p,MeanLib,LibRange,albedo,W1Alb,W2Alb,g_mag-mean,(b - v),(u - g),(g - r),(r - i),(i - z),(Y - J),(J - Ks),(H - Ks),L,GreaterClan,Clan,SubClan,tax_c,Tax_ref
  1404 Ajax (1936 QW),0.0917,0.076,0.3274,3.51784742468921,38.7861707440078,0.048,0.085,0.054000000000000006,17.5628785735148,?,?,?,?,?,?,?,?,4,GreaterAjax,Ajax,AjaxSub,,
  4086 Podalirius (1985 VK2),0.0957,0.0793,0.3542,4.24483636146555,43.7378254492163,0.05,0.126,0.084,17.3471714791967,0.893333333333334,1.61333333333333,0.676666666666667,0.156666666666667,0.006666666666665,?,?,?,4,GreaterAjax,Ajax,AjaxSub,,
  9857 (1991 EN),0.0863,0.0693,0.3588,3.9354700455475013,41.5797794898492,0.06,0.09,0.09,18.0829757553069,?,?,?,?,?,?,?,?,4,GreaterAjax,Ajax,AjaxSub,,
 23135 (2000 AN146),0.0975,0.0693,0.32,4.8531940480207405,43.69582014116049,0.044000000000000004,0.057999999999999996,0.057999999999999996,17.7741063007107,?,?,?,?,?,?,?,?,4,GreaterAjax,Ajax,AjaxSub,,
