full_name,da_p,e_p,sini_p,MeanLib,LibRange,albedo,W1Alb,W2Alb,g_mag-mean,(b - v),(u - g),(g - r),(r - i),(i - z),(Y - J),(J - Ks),(H - Ks),L,GreaterClan,Clan,SubClan,tax_c,Tax_ref
  3548 Eurybates (1973 SO),0.09,0.0437,0.1291,4.77418081928545,41.0772001820708,0.052000000000000005,0.079,0.067,17.7997850616839,?,?,?,?,?,?,?,?,4,GreaterAjax,Eurybates,EurybatesSub,C,Fornasier2007
 24380 (2000 AA160),0.0864,0.044000000000000004,0.1279,4.069772594529439,37.7763461386816,0.064,0.128,0.128,?,?,?,?,?,?,?,?,?,4,GreaterAjax,Eurybates,EurybatesSub,C,Fornasier2007
 28958 (2001 CQ42),0.0875,0.045,0.1292,3.69648796899225,36.2122265976326,0.066,0.132,0.132,?,?,?,?,?,?,?,?,?,4,GreaterAjax,Eurybates,EurybatesSub,C,Fornasier2007
 39285 (2001 BP75),0.0874,0.0472,0.129,4.84208112461343,40.7688488791284,0.063,0.125,0.125,?,?,?,?,?,?,?,?,?,4,GreaterAjax,Eurybates,EurybatesSub,C,Fornasier2007
 39793 (1997 SZ23),0.076,0.0505,0.2552,3.03109256754834,35.5135184705943,0.109,?,?,?,?,?,?,?,?,0.284522,0.882658,?,4,GreaterAjax,Eurybates,EurybatesSub,,
137879 (2000 AJ114),0.0787,0.0444,0.2373,2.88518573524871,33.649042822112996,0.06,?,?,?,0.870000000000001,1.56,0.66,0.210000000000001,0.190000000000001,?,?,?,4,GreaterAjax,Eurybates,EurybatesSub,,
312457 (2008 QH42),0.0854,0.0529,0.2668,3.22409422548252,35.6128594996664,0.063,?,?,?,?,?,?,?,?,0.492421666666,0.926592666667,?,4,GreaterAjax,Eurybates,EurybatesSub,,
315208 (2007 RS22),0.0885,0.0401,0.2507,3.89551089127906,39.44019739751421,0.061,?,?,?,?,?,?,?,?,0.522458,0.877977,?,4,GreaterAjax,Eurybates,EurybatesSub,,
