full_name,da_p,e_p,sini_p,MeanLib,LibRange,albedo,W1Alb,W2Alb,g_mag-mean,(b - v),(u - g),(g - r),(r - i),(i - z),(Y - J),(J - Ks),(H - Ks),L,GreaterClan,Clan,SubClan,tax_c,Tax_ref
 23382 Epistrophos (4536 T-2),0.0421,0.0676,0.2527,1.25529583085734,20.588842019354104,0.058,?,?,?,0.749999999999998,1.44,0.545,0.26,0.175000000000001,?,?,?,4,GreaterOdysseus,Epistrophos,-,D,Hasselmann2012
 38621 (2000 AG201),0.0375,0.0425,0.22699999999999998,0.8859417320278171,19.271779340533303,?,?,?,?,0.73,1.35,0.52,0.239999999999998,0.010000000000002,?,?,?,4,GreaterOdysseus,Epistrophos,-,,
 39293 (2001 DQ10),0.0485,0.0337,0.2359,0.6877826613818531,18.5447751651281,?,?,?,?,0.854999999999999,1.43,0.640000000000001,0.25,0.080000000000002,?,?,?,4,GreaterOdysseus,Epistrophos,-,D,Hasselmann2012
312643 (2010 BZ111),0.0404,0.0788,0.2699,0.8341750515883181,18.50430572716889,0.049,?,?,?,?,?,?,?,?,0.263786,1.107238,?,4,GreaterOdysseus,Epistrophos,-,,
360103 (2013 CW),0.0515,0.0322,0.2411,0.610132426879779,19.0976392462996,?,?,?,?,?,?,?,?,?,0.658085,0.899231,?,4,GreaterOdysseus,Epistrophos,-,,
