full_name,da_p,e_p,sini_p,MeanLib,LibRange,albedo,W1Alb,W2Alb,g_mag-mean,(b - v),(u - g),(g - r),(r - i),(i - z),(Y - J),(J - Ks),(H - Ks),L,GreaterClan,Clan,SubClan,tax_c,Tax_ref
  4057 Demophon (1985 TQ),0.0598,0.0811,0.05,1.95191755747148,22.3800342181729,0.077,0.115,0.115,18.1653083597347,0.93,1.65,0.710000000000001,0.260000000000002,0.09,?,?,?,4,GreaterNestor,Eurymedon,-,,
  5012 Eurymedon (9507 P-L),0.061,0.0737,0.0805,2.22850276019245,24.14964912317561,0.08199999999999999,0.111,0.111,18.7345363392502,0.739999999999998,1.66,0.52,0.16,0.109999999999999,?,?,?,4,GreaterNestor,Eurymedon,-,C,Hasselmann2012
 13182 (1996 SO8),0.0539,0.0992,0.1098,2.2977403567005696,21.2036781453123,0.106,0.16,0.16,18.7859556515315,?,?,?,?,?,?,?,?,4,GreaterNestor,Eurymedon,-,,
 15521 (1999 XH133),0.0526,0.096,0.1881,2.12818858755081,23.776495305001998,0.08199999999999999,0.164,0.164,?,?,?,?,?,?,?,?,?,4,GreaterNestor,Eurymedon,-,,
 15529 (2000 AA80),0.0544,0.0764,0.0842,2.04456155620242,22.434931603698306,0.198,0.395,0.395,?,?,?,?,?,?,?,?,?,4,GreaterNestor,Eurymedon,-,,
233925 (2009 UL2),0.0594,0.1067,0.2542,2.75837381767493,26.9508998868075,0.08,?,?,?,?,?,?,?,?,0.4557955,0.956392,?,4,GreaterNestor,Eurymedon,-,,
