full_name,da_p,e_p,sini_p,MeanLib,LibRange,albedo,W1Alb,W2Alb,g_mag-mean,(b - v),(u - g),(g - r),(r - i),(i - z),(Y - J),(J - Ks),(H - Ks),L,GreaterClan,Clan,SubClan,tax_c,Tax_ref
  7119 Hiera (1989 AV2),0.0951,0.065,0.353,4.0716406937271605,42.0514574957606,0.067,0.14800000000000002,0.14800000000000002,17.6737119762824,?,?,?,?,?,?,?,?,4,GreaterAjax,Ajax,HieraSub,,
  9431 (1996 PS1),0.0908,0.0613,0.3655,4.22607239186398,42.6973271178649,0.076,0.174,0.174,18.6538428906096,?,?,?,?,?,?,?,?,4,GreaterAjax,Ajax,HieraSub,,
 24403 (2000 AX193),0.0935,0.0342,0.3679,3.57507946572345,41.8766963322236,0.07400000000000001,0.14800000000000002,0.14800000000000002,?,0.870000000000001,1.53,0.649999999999999,0.23,0.25,?,?,?,4,GreaterAjax,Ajax,HieraSub,,
 25911 (2001 BC76),0.094,0.0397,0.3716,3.7614114074381813,41.7969500454768,0.135,0.271,0.271,?,?,?,?,?,?,?,?,?,4,GreaterAjax,Ajax,HieraSub,,
