full_name,da_p,e_p,sini_p,MeanLib,LibRange,albedo,W1Alb,W2Alb,g_mag-mean,(b - v),(u - g),(g - r),(r - i),(i - z),(Y - J),(J - Ks),(H - Ks),L,GreaterClan,Clan,SubClan,tax_c,Tax_ref
  2759 Idomeneus (1980 GC),0.048,0.0875,0.3662,1.3838911649461398,24.9479342663198,0.067,0.129,0.129,17.5078073720976,0.803333333333333,1.45666666666667,0.593333333333334,0.263333333333334,0.129999999999998,?,?,?,4,-,Idomeneus,-,D,Hasselmann2012
  3793 Leonteus (1985 TE3),0.049,0.0577,0.3602,1.0051551196841502,24.022100063011305,0.042,0.096,0.036,16.509856678995,0.740000000000002,1.46,0.529999999999998,0.200000000000001,0.129999999999999,0.3097275,0.5638635,?,4,-,Idomeneus,-,D,Hasselmann2012
  4063 Euforbo (1989 CG2),0.0469,0.0735,0.3007,1.4497611430361297,25.0349709122961,0.07,0.144,0.097,16.7049356939384,0.77,1.23,0.560000000000002,0.219999999999999,-0.219999999999999,0.3544855,0.5879915,?,4,-,Idomeneus,-,D,Bendjoya2004
 22054 (2000 AP21),0.0565,0.0742,0.379,1.50525611683696,28.415383111676196,0.051,0.101,0.101,?,?,?,?,?,?,?,?,?,4,-,Idomeneus,-,,
 24505 (2001 BZ),0.0576,0.0741,0.3103,1.40042851515801,26.2804530372639,0.076,?,?,?,0.890000000000001,1.51,0.669999999999998,0.280000000000001,0.129999999999999,?,?,?,4,-,Idomeneus,-,,
326125 (2011 YY61),0.040999999999999995,0.064,0.3682,0.556327426981611,21.4505245336244,?,?,?,?,?,?,?,?,?,0.290944,0.7049985,?,4,-,Idomeneus,-,,
