full_name,da_p,e_p,sini_p,MeanLib,LibRange,albedo,W1Alb,W2Alb,g_mag-mean,(b - v),(u - g),(g - r),(r - i),(i - z),(Y - J),(J - Ks),(H - Ks),L,GreaterClan,Clan,SubClan,tax_c,Tax_ref
   659 Nestor (1908 CS),0.0493,0.1366,0.0857,3.2466039515838903,22.224746816099,0.035,0.074,0.061,16.7279375368804,?,?,?,?,?,?,?,?,4,GreaterNestor,Nestor,-,,
  4060 Deipylos (1987 YT1),0.0497,0.1293,0.2689,2.23951008458929,18.730481107457,0.043,0.077,0.054,17.0392690813557,0.951111111111111,1.69444444444444,0.734444444444444,0.2,-0.087777777777777,0.2414745,0.5467615,0.13682,4,GreaterNestor,Nestor,-,C,Bendjoya2004
 15033 (1998 VY29),0.0346,0.1596,0.2258,3.51274578639286,19.258024061083397,0.10099999999999999,0.211,0.146,19.1058681747778,?,?,?,?,?,?,?,?,4,GreaterNestor,Nestor,-,,
 22059 (2000 AD75),0.0465,0.1268,0.146,3.2658174203023305,23.831492618484802,0.1,0.199,0.199,?,?,?,?,?,?,?,?,?,4,GreaterNestor,Nestor,-,,
 22203 Prothoenor (6020 P-L),0.0431,0.1464,0.0327,3.35001322243382,17.8333449454329,0.073,0.147,0.147,?,?,?,?,?,?,?,?,?,4,GreaterNestor,Nestor,-,,
 23152 (2000 CS8),0.0272,0.1054,0.1781,1.6850815508155,15.1154179567871,0.09699999999999999,0.194,0.194,?,0.969999999999999,2.29,0.75,0.260000000000002,-0.150000000000002,?,?,?,4,GreaterNestor,Nestor,-,,
168033 (2005 JJ143),0.047,0.1195,0.0801,2.63853678998532,18.397543931183602,0.07200000000000001,?,?,?,0.689999999999998,1.63,0.48,0.190000000000001,0.07,?,?,?,4,GreaterNestor,Nestor,-,,
