full_name,da_p,e_p,sini_p,MeanLib,LibRange,albedo,W1Alb,W2Alb,g_mag-mean,(b - v),(u - g),(g - r),(r - i),(i - z),(Y - J),(J - Ks),(H - Ks),L,GreaterClan,Clan,SubClan,tax_c,Tax_ref
  1749 Telamon (1949 SB),0.0661,0.0685,0.1187,2.82237553762989,29.850577413641602,0.073,0.148,0.142,17.2545398339503,0.805,1.435,0.599999999999999,0.210000000000001,0.155,?,?,?,4,GreaterTelamon,Telamon,-,D,Hasselmann2012
  5244 Amphilochos (1973 SQ1),0.0542,0.0563,0.1178,2.2788485210809903,26.1150843233352,0.091,0.155,0.155,18.3388800441286,?,?,?,?,?,?,?,?,4,GreaterTelamon,Telamon,-,,
  7543 Prylis (1973 SY),0.07200000000000001,0.0312,0.2452,2.90339976307879,33.9242482149918,0.055,0.149,0.152,18.3096691482452,?,?,?,?,?,?,?,?,4,GreaterTelamon,Telamon,-,,
 21370 (1997 TB28),0.0579,0.06,0.1143,2.4301662665586803,27.7862142295651,0.052000000000000005,0.104,0.104,?,0.779999999999998,1.4,0.57,0.18,0.23,?,?,?,4,GreaterTelamon,Telamon,-,,
 65000 (2002 AV63),0.0662,0.0563,0.3292,2.1954230062713997,32.258293231683695,0.055999999999999994,?,?,?,0.770000000000001,1.43,0.554999999999998,0.24,0.15,?,?,?,4,GreaterTelamon,Telamon,-,,
