full_name,da_p,e_p,sini_p,MeanLib,LibRange,albedo,W1Alb,W2Alb,g_mag-mean,(b - v),(u - g),(g - r),(r - i),(i - z),(Y - J),(J - Ks),(H - Ks),L,GreaterClan,Clan,SubClan,tax_c,Tax_ref
  5648 (1990 VU1),0.0685,0.127,0.3648,3.26195553727081,33.2515041428165,0.073,0.145,0.145,17.7932845179727,?,?,?,?,?,?,?,?,5,-,1990VU1,1990VU1Sub,D,Bendjoya2004
  5907 (1989 TU5),0.0627,0.0945,0.0132,3.42227768673587,29.745831793555798,0.072,0.134,0.134,?,?,?,?,?,?,?,?,?,5,-,1990VU1,1990VU1Sub,,
 18228 Hyperenor (3163 T-1),0.0751,0.11900000000000001,0.062,3.5329580095926203,29.0638579380369,0.068,0.137,0.137,?,0.853333333333334,1.25333333333333,0.639999999999999,0.243333333333333,0.139999999999999,?,?,?,5,-,1990VU1,1990VU1Sub,,
 29196 (1990 YY),0.0657,0.095,0.0503,3.11832500475947,26.3308012592829,0.142,?,?,?,?,?,?,?,?,0.2840795,0.34781,?,5,-,1990VU1,1990VU1Sub,,
 51935 (2001 QK134),0.0663,0.1173,0.2493,3.11904666357015,28.2943392628317,0.068,0.136,0.136,?,0.85,1.59,0.635,0.25,0.200000000000001,?,?,?,5,-,1990VU1,1990VU1Sub,,
118815 (2000 SM108),0.0626,0.1292,0.0378,3.442825643097589,24.3816237864192,0.086,?,?,?,0.763333333333334,1.12666666666667,0.553333333333332,0.186666666666667,0.136666666666667,?,?,?,5,-,1990VU1,1990VU1Sub,,
129145 (2005 CE),0.0706,0.0897,0.311,2.6655619911243797,32.341552333737695,?,?,?,?,?,?,?,?,?,0.3017245,0.4316615,-0.1545,5,-,1990VU1,1990VU1Sub,,
