full_name,da_p,e_p,sini_p,MeanLib,LibRange,albedo,W1Alb,W2Alb,g_mag-mean,(b - v),(u - g),(g - r),(r - i),(i - z),(Y - J),(J - Ks),(H - Ks),L,GreaterClan,Clan,SubClan,tax_c,Tax_ref
 23463 (1989 TX11),0.0333,0.0532,0.1999,0.860691612521123,17.253950195900302,0.07,0.269,0.269,?,?,?,?,?,?,?,?,?,5,GreaterPatroclus,1989TX11,-,,
 51359 (2000 SC17),0.0357,0.0725,0.1857,1.16137839118369,19.386038071892,0.054000000000000006,0.108,0.108,?,?,?,?,?,?,?,?,?,5,GreaterPatroclus,1989TX11,-,D,Fornasier2007
 57714 (2001 UY124),0.0384,0.0668,0.265,0.897285032580783,19.0866531067373,0.051,0.101,0.101,?,0.789999999999999,1.33,0.580000000000002,0.239999999999998,0.170000000000002,?,?,?,5,GreaterPatroclus,1989TX11,-,,
154990 (2005 AA66),0.0367,0.0456,0.2028,0.312429137797096,12.9138787154449,0.063,?,?,?,0.813333333333333,1.43166666666667,0.596666666666666,0.241666666666667,0.14,?,?,?,5,GreaterPatroclus,1989TX11,-,,
157741 (2006 BE202),0.0388,0.0738,0.1767,0.9787525055334642,14.510453099389801,0.073,?,?,?,0.805,1.6,0.585000000000001,0.305,0.125,?,?,?,5,GreaterPatroclus,1989TX11,-,,
