full_name,da_p,e_p,sini_p,MeanLib,LibRange,albedo,W1Alb,W2Alb,g_mag-mean,(b - v),(u - g),(g - r),(r - i),(i - z),(Y - J),(J - Ks),(H - Ks),L,GreaterClan,Clan,SubClan,tax_c,Tax_ref
  3708 (1974 FV1),0.0096,0.1285,0.2511,1.2055257658143401,2.80367958409113,0.059,0.119,0.119,17.3616456904262,0.780000000000001,1.44,0.559999999999999,0.220000000000001,0.24,?,?,?,5,GreaterPatroclus,1971FV1,1971FV1Sub,D,Bendjoya2004
 32356 (2000 QM124),0.0045,0.105,0.2345,0.7907464731532629,4.17471889086738,0.13,?,?,?,0.75,1.69,0.540000000000003,0.199999999999999,-0.16,?,?,?,5,GreaterPatroclus,1971FV1,1971FV1Sub,,
 51994 (2001 TJ58),0.0135,0.1254,0.2132,1.8197111219899398,7.4801191351736,0.06,?,?,?,0.785,1.53,0.57,0.26,0.15,?,?,?,5,GreaterPatroclus,1971FV1,1971FV1Sub,D,Hasselmann2012
 99328 (2001 UY123),0.0151,0.0913,0.2731,0.551304204545147,10.517344878090698,0.115,0.231,0.231,?,0.739999999999998,1.425,0.529999999999999,0.19,0.085000000000001,?,?,?,5,GreaterPatroclus,1971FV1,1971FV1Sub,D,Fornasier2007
110380 (2001 SO343),0.0135,0.11900000000000001,0.3697,0.49607287488186097,10.890698928780001,0.113,?,?,?,0.77,1.24,0.559999999999999,0.300000000000001,0.199999999999999,0.2687035,0.664613,?,5,GreaterPatroclus,1971FV1,1971FV1Sub,,
122391 (2000 QZ75),0.0141,0.1105,0.244,0.9375076128075079,8.26989234513013,?,?,?,?,0.93,1.49,0.719999999999999,0.215,0.16,?,?,?,5,GreaterPatroclus,1971FV1,1971FV1Sub,,
155789 (2000 TD9),0.0043,0.1185,0.1376,1.48228328660997,8.258328561491341,0.115,?,?,?,0.670000000000002,1.2,0.469999999999999,0.110000000000003,0.329999999999998,0.126478,0.476464,-0.040926000000002,5,GreaterPatroclus,1971FV1,1971FV1Sub,,
284433 (2007 DU52),0.0136,0.1231,0.1871,1.64690412598469,10.8690021297431,0.059,?,?,?,?,?,?,?,?,0.4202925,0.5464035,0.3417045,5,GreaterPatroclus,1971FV1,1971FV1Sub,,
