full_name,da_p,e_p,sini_p,MeanLib,LibRange,albedo,W1Alb,W2Alb,g_mag-mean,(b - v),(u - g),(g - r),(r - i),(i - z),(Y - J),(J - Ks),(H - Ks),L,GreaterClan,Clan,SubClan,tax_c,Tax_ref
 17416 (1988 RR10),0.0884,0.0329,0.2853,3.9684627428968002,42.073038942714795,0.063,0.125,0.125,?,0.880000000000003,1.47,0.66,0.27,0.190000000000001,?,?,?,5,GreaterAstyanax,Mentor,1988RR10Sub,D,Fornasier2004
 34785 (2001 RG87),0.087,0.0228,0.3501,2.85211552739366,39.015921033477994,0.058,0.115,0.115,?,?,?,?,?,?,?,?,?,5,GreaterAstyanax,Mentor,1988RR10Sub,X,Fornasier2004
114345 (2002 XN72),0.0968,0.0214,0.3119,3.70056113056978,41.59566045907521,?,?,?,?,0.824999999999999,1.295,0.610000000000001,0.305,0.085000000000001,?,?,?,5,GreaterAstyanax,Mentor,1988RR10Sub,,
133853 (2003 YQ133),0.0775,0.0384,0.2879,3.16491370252362,37.09895207881961,0.093,?,?,?,0.789999999999999,1.31,0.57,0.259999999999998,0.110000000000003,0.429014,0.5711735,0.229949,5,GreaterAstyanax,Mentor,1988RR10Sub,,
153141 (2000 SP203),0.0892,0.0235,0.3009,2.91183096528647,35.996419386001,0.064,?,?,?,0.84,1.77,0.629999999999999,0.280000000000001,0.27,?,?,?,5,GreaterAstyanax,Mentor,1988RR10Sub,,
