full_name,da_p,e_p,sini_p,MeanLib,LibRange,albedo,W1Alb,W2Alb,g_mag-mean,(b - v),(u - g),(g - r),(r - i),(i - z),(Y - J),(J - Ks),(H - Ks),L,GreaterClan,Clan,SubClan,tax_c,Tax_ref
 15502 (1999 NV27),0.0929,0.0603,0.31,4.41174283637491,42.855219271374295,0.069,0.14,0.14,17.6532712175228,?,?,?,?,?,?,?,?,5,GreaterAneas,1988RH13,-,D,Fornasier2004
 17419 (1988 RH13),0.0868,0.057999999999999996,0.2631,4.585691110918732,41.615163032606894,0.053,0.107,0.107,?,0.759999999999998,1.47,0.550000000000001,0.129999999999999,0.07,?,?,?,5,GreaterAneas,1988RH13,-,C,Hasselmann2012
 68519 (2001 VW15),0.0945,0.0556,0.3637,3.41601501018806,40.2025723473989,0.052,0.104,0.104,?,?,?,?,?,?,?,?,?,5,GreaterAneas,1988RH13,-,,
116134 (2003 WZ142),0.0811,0.0656,0.1204,3.799567077412181,34.7504366418247,0.089,?,?,?,?,?,?,?,?,0.5567545,0.676572,?,5,GreaterAneas,1988RH13,-,,
184988 (2006 FF12),0.0901,0.0561,0.2335,3.82821950030763,38.4369168920511,0.066,?,?,?,?,?,?,?,?,0.406299,1.007964333333,0.579187,5,GreaterAneas,1988RH13,-,,
319282 (2006 BY73),0.0856,0.0646,0.1476,3.76707375939134,35.0543447251952,?,?,?,?,?,?,?,?,?,0.577555,1.051254,?,5,GreaterAneas,1988RH13,-,,
