full_name,da_p,e_p,sini_p,MeanLib,LibRange,albedo,W1Alb,W2Alb,g_mag-mean,(b - v),(u - g),(g - r),(r - i),(i - z),(Y - J),(J - Ks),(H - Ks),L,GreaterClan,Clan,SubClan,tax_c,Tax_ref
 22180 (2000 YZ),0.0528,0.078,0.5091,-0.400505114941325,25.019876803481196,0.102,0.205,0.205,17.9806696401857,?,?,?,?,?,?,?,?,5,GreaterPatroclus,Troilus,1988RY11Sub,,
 29977 (1999 NH11),0.0498,0.0468,0.3858,-0.143615783696362,19.285783050240603,0.07,?,?,?,0.889999999999997,1.39,0.68,0.219999999999999,0.110000000000003,?,?,?,5,GreaterPatroclus,Troilus,1988RY11Sub,,
 30791 (1988 RY11),0.0564,0.0757,0.4064,0.318623857170849,23.2662931696268,0.10800000000000001,0.215,0.215,?,?,?,?,?,?,?,?,?,5,GreaterPatroclus,Troilus,1988RY11Sub,,
 32464 (2000 SB132),0.0456,0.0732,0.4435,-0.132575405538887,22.428444706195695,0.057999999999999996,0.179,0.179,?,?,?,?,?,?,?,?,?,5,GreaterPatroclus,Troilus,1988RY11Sub,,
 32480 (2000 SG348),0.0513,0.0534,0.34600000000000003,0.15630395957453,19.1935344811551,0.073,0.192,0.192,?,?,?,?,?,?,?,?,?,5,GreaterPatroclus,Troilus,1988RY11Sub,,
