full_name,da_p,e_p,sini_p,MeanLib,LibRange,albedo,W1Alb,W2Alb,g_mag-mean,(b - v),(u - g),(g - r),(r - i),(i - z),(Y - J),(J - Ks),(H - Ks),L,GreaterClan,Clan,SubClan,tax_c,Tax_ref
  5257 (1988 RS10),0.0628,0.0618,0.0318,2.52645636238111,27.425412552905,?,?,?,?,0.87,1.31666666666667,0.653333333333332,0.246666666666666,0.16,?,?,?,5,-,Asteropaios,1988RS10Sub,,
 11487 (1988 RG10),0.0612,0.0284,0.0748,2.3815085120660897,28.6060416204186,0.062,0.124,0.124,?,?,?,?,?,?,?,?,?,5,-,Asteropaios,1988RS10Sub,,
 32397 (2000 QL214),0.06,0.0414,0.0759,1.69689317089086,23.057017339421602,0.062,0.124,0.124,?,?,?,?,?,?,?,?,?,5,-,Asteropaios,1988RS10Sub,,
 54582 (2000 QU179),0.0559,0.0525,0.0282,2.38922949800633,27.3975751193394,0.055,?,?,?,0.779999999999998,1.87,0.57,0.190000000000001,0.27,?,?,?,5,-,Asteropaios,1988RS10Sub,,
153758 (2001 UQ214),0.0629,0.0311,0.0623,1.74431919492218,23.966612503396,0.052,?,?,?,0.779999999999998,1.39,0.560000000000002,0.219999999999999,0.050000000000001,?,?,?,5,-,Asteropaios,1988RS10Sub,,
158231 (2001 SJ256),0.0506,0.0522,0.1315,1.9416098993082198,24.8453140411975,?,?,?,?,0.719999999999999,1.37,0.510000000000002,0.209999999999997,0.07,?,?,?,5,-,Asteropaios,1988RS10Sub,,
185485 (2007 EL68),0.0696,0.0299,0.0718,2.31536316474467,27.4135356724635,?,?,?,?,?,?,?,?,?,0.370766,0.838977,?,5,-,Asteropaios,1988RS10Sub,,
