full_name,da_p,e_p,sini_p,MeanLib,LibRange,albedo,W1Alb,W2Alb,g_mag-mean,(b - v),(u - g),(g - r),(r - i),(i - z),(Y - J),(J - Ks),(H - Ks),L,GreaterClan,Clan,SubClan,tax_c,Tax_ref
 24448 (2000 QE42),0.0861,0.0327,0.1415,3.82884359251733,37.232006244657995,0.072,?,?,?,0.84,1.485,0.620000000000001,0.284999999999998,0.165000000000001,?,?,?,5,GreaterAneas,1989UQ5,-,D,Hasselmann2012
 30807 (1989 UQ5),0.087,0.0257,0.077,4.56383935242297,40.5768123378979,0.079,?,?,?,0.805000000000002,1.46,0.590000000000002,0.25,0.17,?,?,?,5,GreaterAneas,1989UQ5,-,D,Hasselmann2012
110859 (2001 UW79),0.0856,0.0323,0.0383,4.6887498861237304,40.3669918596695,0.058,?,?,?,0.82,1.03,0.599999999999998,0.240000000000002,0.02,?,?,?,5,GreaterAneas,1989UQ5,-,,
150876 (2001 SA220),0.0931,0.0388,0.0685,4.6746330063902,39.9255189095987,?,?,?,?,0.832500000000001,1.41,0.62,0.3,0.1825,?,?,?,5,GreaterAneas,1989UQ5,-,,
179902 (2002 VO4),0.0918,0.031,0.0637,4.24003760080387,38.166684509297205,?,?,?,?,?,?,?,?,?,0.067727999999999,0.949227,?,5,GreaterAneas,1989UQ5,-,,
