full_name,da_p,e_p,sini_p,MeanLib,LibRange,albedo,W1Alb,W2Alb,g_mag-mean,(b - v),(u - g),(g - r),(r - i),(i - z),(Y - J),(J - Ks),(H - Ks),L,GreaterClan,Clan,SubClan,tax_c,Tax_ref
  7352 (1994 CO),0.0922,0.0442,0.1221,4.79802067479,40.763681376442,0.093,0.186,0.186,17.7713928200601,0.770000000000003,1.64,0.559999999999999,0.220000000000002,0.07,0.2708865,0.474768,?,5,GreaterAneas,1994CO,-,D,Bendjoya2004
 18940 (2000 QV49),0.1111,0.0507,0.0477,6.0159279980716205,44.8587912238047,0.106,0.212,0.212,?,0.77,1.32,0.556666666666667,0.206666666666667,0.103333333333333,0.220015,0.478709,?,5,GreaterAneas,1994CO,-,D,Fornasier2004
 31820 (1999 RT186),0.1,0.054000000000000006,0.0486,5.5898461805414925,43.72466385706471,0.093,0.186,0.186,?,?,?,?,?,?,?,?,?,5,GreaterAneas,1994CO,-,D,Fornasier2007
 98153 (2000 SY68),0.10800000000000001,0.044000000000000004,0.09300000000000001,5.45785700157961,43.601816972712,?,?,?,?,0.76,1.68,0.550000000000001,0.174999999999999,0.110000000000001,?,?,?,5,GreaterAneas,1994CO,-,,
127532 (2002 WH9),0.0701,0.0429,0.1669,3.01358748372832,32.9726764015626,0.055,?,?,?,0.759999999999998,1.69,0.559999999999999,0.260000000000002,0.32,?,?,?,5,GreaterAneas,1994CO,-,,
