full_name,da_p,e_p,sini_p,MeanLib,LibRange,albedo,W1Alb,W2Alb,g_mag-mean,(b - v),(u - g),(g - r),(r - i),(i - z),(Y - J),(J - Ks),(H - Ks),L,GreaterClan,Clan,SubClan,tax_c,Tax_ref
  9030 (1989 UX5),0.1304,0.0596,0.0475,12.3673987592032,65.0316966352301,0.062,0.173,0.173,?,0.83,1.355,0.625,0.24,0.19,?,?,?,5,GreaterAstyanax,Astyanax,1989UX5Sub,D,Fornasier2007
 34835 (2001 SZ249),0.1331,0.0731,0.0613,11.7713928255124,62.9132323191918,0.072,?,?,?,0.794999999999998,1.475,0.584999999999999,0.255000000000001,0.235000000000001,?,?,?,5,GreaterAstyanax,Astyanax,1989UX5Sub,,
 48249 (2001 SY345),0.1408,0.0413,0.1089,11.4749495118222,63.51851266470611,0.08,0.16,0.16,?,0.833333333333333,1.52333333333333,0.616666666666668,0.193333333333333,0.133333333333333,?,?,?,5,GreaterAstyanax,Astyanax,1989UX5Sub,D,Fornasier2004
 51351 (2000 QO218),0.1141,0.068,0.0406,8.512842833323129,53.3243580726408,?,?,?,?,?,?,?,?,?,0.279426,0.3280195,?,5,GreaterAstyanax,Astyanax,1989UX5Sub,,
 54596 (2000 QD225),0.1255,0.0416,0.0799,9.346200269616249,57.5031153425546,0.057,?,?,?,0.69,1.48,0.483333333333334,0.163333333333332,0.03,?,?,?,5,GreaterAstyanax,Astyanax,1989UX5Sub,,
 77860 (2001 RQ133),0.1383,0.0331,0.0375,11.6331815672746,64.0756053596578,?,?,?,?,?,?,?,?,?,0.3032915,0.6835735,?,5,GreaterAstyanax,Astyanax,1989UX5Sub,,
111198 (2001 WX20),0.1299,0.0552,0.0556,10.578274917249098,60.5905257050551,?,?,?,?,0.760000000000002,1.51,0.559999999999999,0.150000000000002,0.109999999999999,?,?,?,5,GreaterAstyanax,Astyanax,1989UX5Sub,,
131635 (2001 XW71),0.121,0.0541,0.0413,8.98560172229423,55.4445572383993,?,?,?,?,0.77,1.19,0.550000000000001,0.260000000000002,0.18,?,?,?,5,GreaterAstyanax,Astyanax,1989UX5Sub,,
182522 (2001 SZ337),0.1289,0.0537,0.079,8.5070772231403,53.8557702397371,?,?,?,?,?,?,?,?,?,0.4258835,1.138785,?,5,GreaterAstyanax,Astyanax,1989UX5Sub,,
