full_name,da_p,e_p,sini_p,MeanLib,LibRange,albedo,W1Alb,W2Alb,g_mag-mean,(b - v),(u - g),(g - r),(r - i),(i - z),(Y - J),(J - Ks),(H - Ks),L,GreaterClan,Clan,SubClan,tax_c,Tax_ref
  1172 Aneas (1930 UA),0.0482,0.0603,0.3058,0.884888269870316,23.786379540720702,0.059000000000000004,0.129,0.094,?,0.714285714285715,1.665,0.506428571428571,0.068571428571429,0.021428571428571,?,?,?,5,GreaterAneas,Aneas,AneasSub,D,Tholin1989
  4867 Polites (1989 SZ),0.0488,0.0411,0.4686,0.16872945117717095,25.813307595427798,0.071,0.124,0.124,17.8754990205257,?,?,?,?,?,?,?,?,5,GreaterAneas,Aneas,AneasSub,,
 12444 Prothoon (1996 GE19),0.0593,0.0485,0.5217,-0.9477985027489808,24.2645902642703,0.052000000000000005,0.104,0.104,17.8770589838682,?,?,?,?,?,?,?,?,5,GreaterAneas,Aneas,AneasSub,,
 12929 (1999 TZ1),0.0623,0.0339,0.6922,-1.88968110553679,32.4362912080472,0.066,0.139,0.081,17.6936113503652,?,?,?,?,?,?,?,?,5,GreaterAneas,Aneas,AneasSub,,
 18046 (1999 RN116),0.0519,0.0309,0.5351,-1.42187244496802,21.9757221502018,0.073,0.147,0.147,18.1745435318554,0.84,1.46,0.619999999999997,0.25,0.16,?,?,?,5,GreaterAneas,Aneas,AneasSub,D,Hasselmann2012
 25347 (1999 RQ116),0.0595,0.0424,0.2977,0.63695442311149,22.60180735028181,0.054000000000000006,0.108,0.108,?,0.83,1.435,0.610000000000001,0.174999999999999,0.200000000000001,?,?,?,5,GreaterAneas,Aneas,AneasSub,D,Fornasier2004
117389 (2004 YD23),0.0501,0.0305,0.4026,0.35943149494011106,25.9715751569492,0.067,?,?,?,0.830000000000002,1.61,0.609999999999999,0.25,0.149999999999999,?,?,?,5,GreaterAneas,Aneas,AneasSub,,
129147 (2005 CY70),0.0527,0.0254,0.2952,1.25346721533151,26.039919703988105,0.057999999999999996,?,?,?,0.73,2.28,0.52,0.370000000000001,0.23,?,?,?,5,GreaterAneas,Aneas,AneasSub,,
