full_name,da_p,e_p,sini_p,MeanLib,LibRange,albedo,W1Alb,W2Alb,g_mag-mean,(b - v),(u - g),(g - r),(r - i),(i - z),(Y - J),(J - Ks),(H - Ks),L,GreaterClan,Clan,SubClan,tax_c,Tax_ref
  2594 Acamas (1978 TB),0.1517,0.0731,0.1035,13.748139226781301,68.1179609388406,0.06,0.121,0.121,?,?,?,?,?,?,?,?,?,5,GreaterAstyanax,Astyanax,AcamasSub,,
 16560 Daitor (1991 VZ5),0.1343,0.0534,0.2849,13.242231409307001,70.4255840259337,0.053,0.106,0.106,18.3721175502406,0.7125,1.445,0.502500000000001,0.134999999999999,0.0625,?,?,?,5,GreaterAstyanax,Astyanax,AcamasSub,C,Hasselmann2012
 24454 (2000 QF198),0.1479,0.0318,0.0502,14.256600368877999,71.0524611083156,0.067,0.134,0.134,?,0.719999999999999,1.59,0.510000000000002,0.170000000000002,0.039999999999999,?,?,?,5,GreaterAstyanax,Astyanax,AcamasSub,CX,Hasselmann2012
 48604 (1995 CV),0.149,0.0573,0.1103,13.714553202058802,69.3722129500201,0.077,?,?,?,?,?,?,?,?,0.3595975,0.619834,?,5,GreaterAstyanax,Astyanax,AcamasSub,,
 99306 (2001 SC101),0.1495,0.0475,0.0783,13.3430716934655,68.18127280895939,0.072,?,?,?,0.803333333333333,1.38,0.593333333333334,0.26,0.143333333333332,0.437273,0.069167,?,5,GreaterAstyanax,Astyanax,AcamasSub,,
151883 (2003 WQ25),0.1499,0.0448,0.0761,13.7485387471474,69.342007238875,?,?,?,?,0.859999999999999,1.54,0.640000000000001,0.259999999999998,0.120000000000001,?,?,?,5,GreaterAstyanax,Astyanax,AcamasSub,,
