full_name,da_p,e_p,sini_p,MeanLib,LibRange,albedo,W1Alb,W2Alb,g_mag-mean,(b - v),(u - g),(g - r),(r - i),(i - z),(Y - J),(J - Ks),(H - Ks),L,GreaterClan,Clan,SubClan,tax_c,Tax_ref
 11275 (1988 SL3),0.019,0.0562,0.3999,-0.727362529227662,12.887555226061599,0.08199999999999999,0.163,0.163,?,?,?,?,?,?,?,?,?,5,GreaterPatroclus,Memnon,AmphiosSub,,
 19844 (2000 ST317),0.0194,0.0066,0.6511,-3.31479461061036,13.243722600209699,0.053,0.107,0.107,?,0.869999999999997,1.43,0.66,0.300000000000001,0.140000000000001,?,?,?,5,GreaterPatroclus,Memnon,AmphiosSub,,
 24449 (2000 QL63),0.025,0.063,0.5862,-2.5778025475770496,8.71479789725368,0.059000000000000004,0.118,0.118,?,?,?,?,?,?,?,?,?,5,GreaterPatroclus,Memnon,AmphiosSub,,
 31806 (1999 NE11),0.0171,0.0567,0.5392,-1.9293502958108797,12.836541336442599,0.071,0.143,0.143,?,?,?,?,?,?,?,?,?,5,GreaterPatroclus,Memnon,AmphiosSub,,
 32475 (2000 SD234),0.022000000000000002,0.0535,0.5025,-1.27382518101763,9.32129414618544,0.076,0.088,0.088,18.9618400425566,?,?,?,?,?,?,?,?,5,GreaterPatroclus,Memnon,AmphiosSub,,
 32501 (2000 YV135),0.0146,0.0757,0.5214,-1.22240832574835,9.63975311101024,0.067,0.133,0.133,?,?,?,?,?,?,?,?,?,5,GreaterPatroclus,Memnon,AmphiosSub,,
 37519 Amphios (3040 T-3),0.01,0.0447,0.4192,-0.7771376079876969,8.05145696069826,0.077,0.155,0.155,?,?,?,?,?,?,?,?,?,5,GreaterPatroclus,Memnon,AmphiosSub,,
105808 (2000 SZ135),0.0459,0.0645,0.5699,-1.4147691910797,24.28238204360811,0.068,?,?,?,0.890000000000001,1.49,0.67,0.210000000000001,0.124999999999998,?,?,?,5,GreaterPatroclus,Memnon,AmphiosSub,D,Hasselmann2012
131447 (2001 QZ113),0.0382,0.0428,0.552,-1.01865722543994,20.004408465325398,0.066,?,?,?,0.833333333333334,1.63,0.623333333333332,0.293333333333333,0.173333333333334,?,?,?,5,GreaterPatroclus,Memnon,AmphiosSub,,
