full_name,da_p,e_p,sini_p,MeanLib,LibRange,albedo,W1Alb,W2Alb,g_mag-mean,(b - v),(u - g),(g - r),(r - i),(i - z),(Y - J),(J - Ks),(H - Ks),L,GreaterClan,Clan,SubClan,tax_c,Tax_ref
 11663 (1997 GO24),0.0725,0.0811,0.2626,2.9615823889752697,34.1147516204917,0.086,0.172,0.172,?,?,?,?,?,?,?,?,?,5,-,Apisaon,-,DX,Fornasier2007
 18493 Demoleon (1996 HV9),0.1021,0.0562,0.3069,4.05899611877936,42.3879353505775,0.083,0.165,0.165,18.5335066240045,?,?,?,?,?,?,?,?,5,-,Apisaon,-,XD,Fornasier2004
 24451 (2000 QS104),0.0817,0.0918,0.3617,2.77312994643961,33.507981029595,0.08900000000000001,0.178,0.178,18.6617537769062,?,?,?,?,?,?,?,?,5,-,Apisaon,-,,
 32499 (2000 YS11),0.0688,0.1166,0.2678,3.35020341319938,30.4695105597062,0.081,0.161,0.161,18.2508944279287,0.795714285714286,1.47428571428571,0.58,0.241428571428571,0.162857142857143,?,?,?,5,-,Apisaon,-,D,Hasselmann2012
 32794 (1989 UE5),0.0639,0.0931,0.2662,2.7630759532350497,31.1470180365977,0.081,0.163,0.163,?,0.77,1.065,0.560000000000001,0.199999999999999,0.105,?,?,?,5,-,Apisaon,-,,
 32811 Apisaon (1990 TP12),0.086,0.1028,0.3294,4.27759970362064,38.674233113607286,0.08,0.161,0.161,?,0.710000000000001,1.58,0.5,0.209999999999997,0.07,?,?,?,5,-,Apisaon,-,X,Hasselmann2012
 51962 (2001 QH267),0.1007,0.0826,0.3418,5.24023421791236,46.4887488278778,0.077,0.155,0.155,?,?,?,?,?,?,?,?,?,5,-,Apisaon,-,,
 76812 (2000 QQ84),0.0793,0.0978,0.2765,3.28056720802141,33.503822529984696,0.079,0.158,0.158,?,0.798,1.47,0.582000000000001,0.274,0.141999999999999,?,?,?,5,-,Apisaon,-,,
122733 (2000 SK47),0.0975,0.0577,0.3716,4.63887139379091,46.78397178862221,0.083,?,?,?,0.797499999999999,1.5025,0.579999999999999,0.2425,0.165,?,?,?,5,-,Apisaon,-,D,Hasselmann2012
