full_name,da_p,e_p,sini_p,MeanLib,LibRange,albedo,W1Alb,W2Alb,g_mag-mean,(b - v),(u - g),(g - r),(r - i),(i - z),(Y - J),(J - Ks),(H - Ks),L,GreaterClan,Clan,SubClan,tax_c,Tax_ref
  1871 Astyanax (1971 FF),0.1288,0.0145,0.1297,8.415528837267692,54.684553272787596,0.076,0.151,0.151,?,?,?,?,?,?,?,?,?,5,GreaterAstyanax,Astyanax,AstyanaxSub,D,Fornasier2004
 17492 Hippasos (1991 XG1),0.1225,0.0379,0.46299999999999997,7.86980949210448,62.381417948590496,0.066,0.12,0.12,17.9292721434174,?,?,?,?,?,?,?,?,5,GreaterAstyanax,Astyanax,AstyanaxSub,,
 64326 (2001 UX46),0.1235,0.0396,0.1961,9.487579623432339,59.1897592820767,0.032,?,?,?,0.780000000000001,1.67,0.559999999999999,0.220000000000002,0.279999999999998,?,?,?,5,GreaterAstyanax,Astyanax,AstyanaxSub,,
 76804 (2000 QE),0.1242,0.0317,0.1505,8.62144626574229,55.833858799524705,0.122,0.244,0.244,?,0.66,1.39,0.449999999999999,0.279999999999998,0.150000000000002,?,?,?,5,GreaterAstyanax,Astyanax,AstyanaxSub,D,Fornasier2007
 98362 (2000 SA363),0.1212,0.0345,0.4557,7.51390720832188,61.3766787888585,0.153,?,?,?,0.66,1.79,0.449999999999999,0.09,-0.039999999999999,?,?,?,5,GreaterAstyanax,Astyanax,AstyanaxSub,,
153500 (2001 RN122),0.1239,0.0337,0.2564,8.38938918627719,57.342086988519,0.077,?,?,?,0.854999999999999,1.745,0.639999999999999,0.210000000000001,0.215000000000002,?,?,?,5,GreaterAstyanax,Astyanax,AstyanaxSub,,
