full_name,da_p,e_p,sini_p,MeanLib,LibRange,albedo,W1Alb,W2Alb,g_mag-mean,(b - v),(u - g),(g - r),(r - i),(i - z),(Y - J),(J - Ks),(H - Ks),L,GreaterClan,Clan,SubClan,tax_c,Tax_ref
 24458 (2000 RP100),0.0644,0.0629,0.3353,1.8518957085252101,30.994225945975,0.061,0.123,0.123,?,?,?,?,?,?,0.3298735,0.454389,0.067233999999999,5,GreaterAneas,Aneas,HelicaonSub,,
 30942 Helicaon (1994 CX13),0.07,0.0837,0.3712,2.54137581766662,35.1651765724363,0.05,0.211,0.211,?,?,?,?,?,?,?,?,?,5,GreaterAneas,Aneas,HelicaonSub,,
 47962 (2000 RU69),0.0651,0.0899,0.342,2.19921103375265,29.0419031417379,0.077,?,?,?,0.84,1.8,0.620000000000001,0.190000000000001,0.25,?,?,?,5,GreaterAneas,Aneas,HelicaonSub,,
 48764 (1997 JJ10),0.071,0.0896,0.4112,1.96541412100106,31.964420273333893,0.062,0.124,0.124,?,?,?,?,?,?,?,?,?,5,GreaterAneas,Aneas,HelicaonSub,,
155786 (2000 SD358),0.0717,0.0663,0.3754,1.46268778929436,29.581682677557698,0.109,?,?,?,0.84,1.47,0.620000000000001,0.194999999999999,0.195,?,?,?,5,GreaterAneas,Aneas,HelicaonSub,,
