full_name,da_p,e_p,sini_p,MeanLib,LibRange,albedo,W1Alb,W2Alb,g_mag-mean,(b - v),(u - g),(g - r),(r - i),(i - z),(Y - J),(J - Ks),(H - Ks),L,GreaterClan,Clan,SubClan,tax_c,Tax_ref
 30698 Hippokoon (2299 T-3),0.061,0.0166,0.1485,1.5739091223570705,25.2195807565238,0.10099999999999999,0.201,0.201,?,0.770000000000003,1.4,0.559999999999999,0.200000000000003,0.0,?,?,?,5,GreaterAneas,Sarpedon,HippokoonSub,D,Fornasier2007
 36922 (2000 SN209),0.068,0.0151,0.1606,2.33201001044671,29.097775849405302,0.11900000000000001,0.238,0.238,?,0.770000000000003,1.39,0.559999999999999,0.200000000000003,0.059999999999999006,?,?,?,5,GreaterAneas,Sarpedon,HippokoonSub,,
 98037 (2000 RE20),0.0734,0.0161,0.1504,2.02398155605113,27.934895069900602,0.16899999999999998,?,?,?,0.729999999999997,1.42,0.52,0.18,0.24000000000000196,?,?,?,5,GreaterAneas,Sarpedon,HippokoonSub,,
105720 (2000 SR79),0.0803,0.0112,0.1602,2.9190739798176004,32.407582881105,0.08800000000000001,?,?,?,0.8300000000000021,1.41,0.6199999999999971,0.200000000000003,0.169999999999998,?,?,?,5,GreaterAneas,Sarpedon,HippokoonSub,,
106091 (2000 SZ361),0.0558,0.0074,0.1302,1.87564163507017,26.785618846062498,0.09300000000000001,?,?,?,0.7400000000000021,1.53,0.529999999999998,0.23,0.030000000000001,?,?,?,5,GreaterAneas,Sarpedon,HippokoonSub,,
