full_name,da_p,e_p,sini_p,MeanLib,LibRange,albedo,W1Alb,W2Alb,g_mag-mean,(b - v),(u - g),(g - r),(r - i),(i - z),(Y - J),(J - Ks),(H - Ks),L,GreaterClan,Clan,SubClan,tax_c,Tax_ref
  4791 Iphidamas (1988 PB1),0.0631,0.083,0.4591,0.7424225741488041,29.676069356181397,0.079,0.158,0.158,17.7313241109082,?,?,?,?,?,?,?,?,5,GreaterAneas,Aneas,IphidamasSub,,
 24446 (2000 PR25),0.0791,0.0529,0.4498,1.3530251094724095,34.0372834012543,0.086,0.172,0.172,?,0.829999999999998,1.45,0.620000000000001,0.23,0.129999999999999,?,?,?,5,GreaterAneas,Aneas,IphidamasSub,D,Hasselmann2012
 29976 (1999 NE9),0.0662,0.0537,0.5123,0.282209355465909,30.870098614175802,0.08,0.186,0.186,?,0.809999999999999,1.45,0.600000000000001,0.25,0.169999999999998,0.3140105,0.619346,0.2058295,5,GreaterAneas,Aneas,IphidamasSub,D,Hasselmann2012
 76857 (2000 WE132),0.0634,0.0464,0.3751,0.876005623897015,25.106395942359,0.085,0.169,0.169,?,?,?,?,?,?,?,?,?,5,GreaterAneas,Aneas,IphidamasSub,,
105803 (2000 SH132),0.06,0.0639,0.4846,0.461897915771829,28.6604012876416,0.081,?,?,?,?,?,?,?,?,0.304556,0.513076,0.193453,5,GreaterAneas,Aneas,IphidamasSub,,
