full_name,da_p,e_p,sini_p,MeanLib,LibRange,albedo,W1Alb,W2Alb,g_mag-mean,(b - v),(u - g),(g - r),(r - i),(i - z),(Y - J),(J - Ks),(H - Ks),L,GreaterClan,Clan,SubClan,tax_c,Tax_ref
 15977 (1998 MA11),0.0726,0.0863,0.3052,2.52230425646337,31.6817364521773,0.071,0.141,0.141,18.0703564706293,?,?,?,?,?,?,?,?,5,-,1990VU1,IdaiosSub,D,Fornasier2004
 24459 (2000 RF103),0.079,0.0737,0.2885,2.43358744266038,31.562476747498803,0.05,0.101,0.101,?,0.879999999999999,1.53,0.66,0.210000000000001,0.280000000000001,?,?,?,5,-,1990VU1,IdaiosSub,,
 30705 Idaios (3365 T-3),0.0756,0.0487,0.3342,2.19225588021447,31.915005790007505,0.074,0.148,0.148,17.906538581972,0.795,1.515,0.584999999999999,0.309999999999999,0.100000000000001,?,?,?,5,-,1990VU1,IdaiosSub,D,Hasselmann2012
 47969 (2000 TG64),0.0757,0.0594,0.2692,2.60052741776155,31.9156300228649,0.061,?,?,?,0.814000000000001,1.518,0.598000000000001,0.236,0.189999999999999,?,?,?,5,-,1990VU1,IdaiosSub,D,Hasselmann2012
 56962 (2000 SW65),0.0744,0.0464,0.2603,1.53076033926368,27.9691177683801,0.08,?,?,?,?,?,?,?,?,0.3275505,0.4238035,0.016766000000001,5,-,1990VU1,IdaiosSub,,
 73677 (1988 SA3),0.0789,0.0813,0.3089,3.1087614027942996,34.0522489310439,0.06,?,?,?,0.870000000000001,1.36,0.649999999999999,0.240000000000002,0.18,?,?,?,5,-,1990VU1,IdaiosSub,,
128299 (2003 YL61),0.0736,0.0588,0.3487,2.05496655951089,31.680565202318807,0.069,?,?,?,0.825000000000001,1.565,0.609999999999999,0.295,0.195,?,?,?,5,-,1990VU1,IdaiosSub,,
187476 (2006 BB213),0.0865,0.0787,0.2912,3.3675765831886806,36.1843101323239,?,?,?,?,?,?,?,?,?,0.3638125,0.295877,?,5,-,1990VU1,IdaiosSub,,
