full_name,da_p,e_p,sini_p,MeanLib,LibRange,albedo,W1Alb,W2Alb,g_mag-mean,(b - v),(u - g),(g - r),(r - i),(i - z),(Y - J),(J - Ks),(H - Ks),L,GreaterClan,Clan,SubClan,tax_c,Tax_ref
  4707 Khryses (1988 PY),0.0394,0.1091,0.1429,2.444082887148,21.4527501749129,0.086,0.171,0.171,18.3698569694482,?,?,?,?,?,?,?,?,5,-,Khryses,-,,
 12126 (1999 RM11),0.0448,0.1581,0.0449,3.5379211983904506,17.583893272383598,0.045,0.09,0.09,18.5379264806527,?,?,?,?,?,?,?,?,5,-,Khryses,-,,
 17418 (1988 RT12),0.0495,0.1198,0.1184,2.6521334067296003,21.4168019867295,0.135,?,?,?,0.779999999999998,1.59,0.57,0.190000000000001,0.120000000000001,?,?,?,5,-,Khryses,-,,
 31037 Mydon (1996 HZ25),0.0432,0.1471,0.1295,3.16153134969454,17.7542216859162,0.077,?,?,?,0.790000000000001,1.64,0.57,0.25,0.195,0.355618,0.7297875,0.300191,5,-,Khryses,-,,
 34298 (2000 QH159),0.0426,0.1181,0.1797,2.71518271205036,22.58494129129529,0.086,?,?,?,0.760000000000002,1.49,0.550000000000001,0.25,0.109999999999999,?,?,?,5,-,Khryses,-,D,Hasselmann2012
 45822 (2000 QQ116),0.0424,0.1696,0.1092,4.24118399650763,20.3044718505318,0.077,?,?,?,0.719999999999999,1.32,0.509999999999998,0.25,0.190000000000001,?,?,?,5,-,Khryses,-,,
 47967 (2000 SL298),0.0399,0.095,0.1334,1.93685059306961,20.517389549962896,0.077,0.153,0.153,?,0.789999999999999,1.43,0.57,0.18,0.109999999999999,?,?,?,5,-,Khryses,-,D,Fornasier2007
110359 (2001 SA318),0.0482,0.1335,0.0398,3.26858492715627,19.724783176490604,?,?,?,?,0.739999999999998,1.51,0.539999999999999,0.190000000000001,0.07,?,?,?,5,-,Khryses,-,,
