full_name,da_p,e_p,sini_p,MeanLib,LibRange,albedo,W1Alb,W2Alb,g_mag-mean,(b - v),(u - g),(g - r),(r - i),(i - z),(Y - J),(J - Ks),(H - Ks),L,GreaterClan,Clan,SubClan,tax_c,Tax_ref
 16667 (1993 XM1),0.0338,0.1637,0.2609,2.7915010230807997,14.521425152730801,0.062,0.123,0.123,?,0.8079999999999999,1.484,0.594000000000001,0.245999999999999,0.134,?,?,?,5,GreaterPatroclus,1971FV1,LamposSub,D,Hasselmann2012
 32339 (2000 QA88),0.0231,0.1488,0.3174,1.674772099493,9.77603873204845,0.057,0.113,0.113,?,0.8099999999999989,1.47,0.5999999999999979,0.24,0.155000000000001,?,?,?,5,GreaterPatroclus,1971FV1,LamposSub,D,Hasselmann2012
 51345 (2000 QH137),0.0198,0.1655,0.2668,2.5841923623399303,8.29777062951581,0.08,0.16,0.16,?,0.8499999999999979,1.55,0.629999999999999,0.24000000000000196,0.129999999999999,?,?,?,5,GreaterPatroclus,1971FV1,LamposSub,D,Hasselmann2012
 55678 Lampos (3291 T-1),0.0198,0.1481,0.1388,2.7080776241984905,10.498374942466699,0.052,?,?,?,0.8099999999999989,1.34,0.5999999999999979,0.26000000000000195,0.16,?,?,?,5,GreaterPatroclus,1971FV1,LamposSub,,
156237 (2001 UH146),0.0253,0.1436,0.0724,2.94511800105818,16.661069856484197,0.09,?,?,?,0.82,0.7600000000000021,0.5999999999999979,0.200000000000003,0.44999999999999896,?,?,?,5,GreaterPatroclus,1971FV1,LamposSub,,
156250 (2001 UM198),0.0294,0.1515,0.0519,3.155791347336049,11.478213423488901,?,?,?,?,0.870000000000001,0.629999999999999,0.66,0.30999999999999894,0.0,?,?,?,5,GreaterPatroclus,1971FV1,LamposSub,,
