full_name,da_p,e_p,sini_p,MeanLib,LibRange,albedo,W1Alb,W2Alb,g_mag-mean,(b - v),(u - g),(g - r),(r - i),(i - z),(Y - J),(J - Ks),(H - Ks),L,GreaterClan,Clan,SubClan,tax_c,Tax_ref
  4792 Lykaon (1988 RK1),0.0615,0.0565,0.1463,1.78580994139406,23.205023366627607,0.068,0.124,0.124,18.1284128518965,0.850000000000001,1.64,0.635,0.270000000000001,0.074999999999999,?,?,?,5,-,Asteropaios,LykaonSub,D,Bendjoya2004
 39474 (1978 VC7),0.0634,0.0485,0.2071,1.66891318426673,24.64264203868111,0.06,0.119,0.119,?,?,?,?,?,?,?,?,?,5,-,Asteropaios,LykaonSub,,
 97893 (2000 QV65),0.0684,0.0566,0.1491,2.08419197520237,26.0209067771636,0.083,?,?,?,0.800000000000001,1.56,0.58,0.27,0.185000000000001,?,?,?,5,-,Asteropaios,LykaonSub,,
106001 (2000 SR283),0.0566,0.0535,0.1802,1.44344463051436,21.773341914056505,0.059,?,?,?,0.829999999999998,1.59,0.609999999999999,0.260000000000002,0.119999999999997,?,?,?,5,-,Asteropaios,LykaonSub,D,Hasselmann2012
284443 (2007 EE51),0.0573,0.0421,0.1826,1.1906098833162,22.299368077332602,?,?,?,?,?,?,?,?,?,0.727336,1.2326555,1.1961995,5,-,Asteropaios,LykaonSub,,
