full_name,da_p,e_p,sini_p,MeanLib,LibRange,albedo,W1Alb,W2Alb,g_mag-mean,(b - v),(u - g),(g - r),(r - i),(i - z),(Y - J),(J - Ks),(H - Ks),L,GreaterClan,Clan,SubClan,tax_c,Tax_ref
 23694 (1997 KZ3),0.1046,0.0149,0.1484,5.0533481632437,42.6857838454301,0.051,0.102,0.102,?,?,?,?,?,?,?,?,?,5,GreaterAstyanax,Astyanax,OphelestesSub,D,Fornasier2004
 32430 (2000 RQ83),0.1074,0.0129,0.1401,5.3726197074971695,44.1534309488541,0.157,0.313,0.313,?,?,?,?,?,?,?,?,?,5,GreaterAstyanax,Astyanax,OphelestesSub,D,Fornasier2004
 52767 Ophelestes (1998 MW41),0.1065,0.027000000000000003,0.1987,5.17631837518837,43.61334228929461,0.045,?,?,?,0.793333333333334,1.37833333333333,0.583333333333334,0.225,0.156666666666666,?,?,?,5,GreaterAstyanax,Astyanax,OphelestesSub,,
106160 (2000 TG61),0.1066,0.0371,0.2408,5.7410040580720105,47.3251573882098,0.13,?,?,?,0.720000000000002,1.37,0.509999999999998,0.150000000000002,0.169999999999998,?,?,?,5,GreaterAstyanax,Astyanax,OphelestesSub,,
117385 (2004 YN20),0.1134,0.031,0.2083,5.50594007483466,45.8592021111704,0.076,?,?,?,?,?,?,?,?,0.349957,0.2251655,?,5,GreaterAstyanax,Astyanax,OphelestesSub,,
