full_name,da_p,e_p,sini_p,MeanLib,LibRange,albedo,W1Alb,W2Alb,g_mag-mean,(b - v),(u - g),(g - r),(r - i),(i - z),(Y - J),(J - Ks),(H - Ks),L,GreaterClan,Clan,SubClan,tax_c,Tax_ref
  1208 Troilus (1931 YA),0.0458,0.0527,0.5447,-0.832899288931401,21.0989069632291,0.040999999999999995,0.074,0.028,16.780140467956,0.765000000000001,1.85,0.550000000000001,0.165000000000001,0.084999999999999,?,?,?,5,GreaterPatroclus,Troilus,TroilusSub,FCU,Tholin1989
 17172 (1999 NZ41),0.0414,0.0364,0.4681,-0.6935799602626391,21.4452147199638,0.078,0.156,0.156,?,?,?,?,?,?,?,?,?,5,GreaterPatroclus,Troilus,TroilusSub,,
117447 (2005 AX46),0.0492,0.0118,0.4706,-1.01425128376047,19.199524230562602,0.047,?,?,?,0.73,1.33,0.52,0.120000000000001,0.099999999999998,?,?,?,5,GreaterPatroclus,Troilus,TroilusSub,,
129153 (2005 EL140),0.0329,0.0481,0.4377,-0.84719475618698,18.3384271175839,0.073,?,?,?,0.760000000000002,2.09,0.550000000000001,0.23,0.16,?,?,?,5,GreaterPatroclus,Troilus,TroilusSub,,
299491 (2006 BY198),0.0375,0.0467,0.4925,-0.6454894114039009,19.902215812961305,0.048,?,?,?,?,?,?,?,?,0.160871,0.7384565,-0.1370975,5,GreaterPatroclus,Troilus,TroilusSub,,
